order_id,date_key,customer_key,product_key,region_key,salesperson_key,quantity,gross_revenue,discount_amount,profit_amount
ORD-000000001,20230708,53,56,3,16,1,537.97,26.9,92.85
ORD-000000002,20230831,28,114,4,23,2,499.68,0.0,146.42
ORD-000000003,20240704,13,11,2,9,3,1032.54,0.0,312.69
ORD-000000004,20251002,55,139,2,11,1,274.86,27.49,52.72
ORD-000000005,20230806,6,133,1,1,5,2365.34,0.0,255.91
ORD-000000006,20230612,6,150,1,1,1,172.21,0.0,29.52
ORD-000000007,20240516,10,31,2,9,2,407.5,20.38,63.53
ORD-000000008,20230615,78,124,2,9,2,671.21,33.56,157.08
ORD-000000009,20240619,74,73,1,5,1,144.39,14.44,22.33
ORD-000000010,20240210,43,103,3,15,1,357.25,35.73,40.96
ORD-000000011,20250623,22,81,2,11,2,1098.85,0.0,269.78
ORD-000000012,20231211,31,138,3,16,1,282.64,28.26,46.38
ORD-000000013,20240105,15,5,3,17,2,258.05,0.0,52.57
ORD-000000014,20250614,66,38,2,9,1,71.21,10.68,15.31
ORD-000000015,20230228,36,84,1,4,2,641.26,64.13,88.27
ORD-000000016,20240105,44,102,3,15,2,443.46,0.0,39.82
ORD-000000017,20250802,6,118,3,14,2,636.43,0.0,197.2
ORD-000000018,20240702,52,150,3,16,2,369.12,0.0,108.94
ORD-000000019,20230908,7,27,2,10,3,1074.67,0.0,328.62
ORD-000000020,20250129,92,118,3,16,4,1218.8,60.94,133.41
ORD-000000021,20240217,12,88,1,5,3,179.39,8.97,20.17
ORD-000000022,20241003,93,75,2,12,1,358.6,0.0,40.05
ORD-000000023,20230401,42,50,2,8,3,255.34,0.0,64.97
ORD-000000024,20230406,76,73,2,8,3,469.45,46.95,74.45
ORD-000000025,20251010,40,40,1,3,2,1253.45,62.67,299.43
ORD-000000026,20241006,90,112,3,17,2,473.3,0.0,111.77
ORD-000000027,20230801,85,47,3,14,2,1494.42,0.0,166.34
ORD-000000028,20240616,19,113,2,11,1,32.55,3.25,4.03
ORD-000000029,20230210,25,22,1,3,1,512.62,0.0,102.23
ORD-000000030,20240816,63,142,3,18,4,2104.91,0.0,569.82
ORD-000000031,20240503,62,120,2,9,2,102.28,0.0,13.78
ORD-000000032,20240114,36,135,2,11,1,61.95,3.1,10.71
ORD-000000033,20230920,27,82,1,2,3,168.28,16.83,14.53
ORD-000000034,20230724,77,95,2,7,4,3115.03,0.0,757.53
ORD-000000035,20240620,26,47,1,4,4,2423.14,0.0,313.99
ORD-000000036,20230719,78,91,2,8,3,1662.07,83.1,450.28
ORD-000000037,20231228,79,41,2,10,3,287.92,14.4,59.85
ORD-000000038,20230113,11,87,1,6,4,2055.54,0.0,520.75
ORD-000000039,20230108,40,80,1,5,5,873.03,87.3,142.2
ORD-000000040,20241110,74,99,1,3,1,18.76,0.0,2.71
ORD-000000041,20230125,84,58,1,3,2,1203.5,60.18,281.37
ORD-000000042,20250923,100,95,1,5,3,1812.45,181.25,476.68
ORD-000000043,20241125,21,115,2,10,3,477.51,23.88,118.34
ORD-000000044,20251123,72,22,2,11,1,591.43,59.14,78.92
ORD-000000045,20230125,89,12,1,4,3,1342.63,67.13,220.46
ORD-000000046,20251231,85,70,2,11,1,235.33,0.0,66.41
ORD-000000047,20250618,78,84,2,8,3,924.57,0.0,286.36
ORD-000000048,20251212,84,32,1,1,1,479.54,23.98,140.48
ORD-000000049,20240425,22,38,1,4,2,167.62,0.0,16.11
ORD-000000050,20251030,26,78,1,2,1,469.85,23.49,44.44
ORD-000000051,20250510,74,6,1,2,4,448.85,0.0,49.66
ORD-000000052,20250626,96,54,1,6,5,1637.19,0.0,307.07
ORD-000000053,20240206,44,72,1,6,1,81.54,8.15,17.4
ORD-000000054,20240930,95,52,2,8,1,296.0,0.0,63.99
ORD-000000055,20241216,23,18,1,6,1,510.12,76.52,108.04
ORD-000000056,20241019,23,105,1,2,5,2371.35,0.0,421.38
ORD-000000057,20250814,1,4,1,1,1,288.57,14.43,35.93
ORD-000000058,20230425,54,105,2,12,2,1370.23,0.0,291.78
ORD-000000059,20231102,76,72,1,6,3,322.0,0.0,72.47
ORD-000000060,20250826,64,13,3,15,3,2036.2,203.62,339.05
ORD-000000061,20230503,5,58,1,2,1,546.47,54.65,155.25
ORD-000000062,20240427,60,68,3,13,3,106.5,0.0,24.39
ORD-000000063,20230328,91,43,1,1,1,328.55,0.0,67.35
ORD-000000064,20240425,15,21,1,2,4,1473.0,73.65,300.22
ORD-000000065,20250411,93,110,1,4,1,342.47,0.0,70.16
ORD-000000066,20250404,90,110,2,8,1,306.7,0.0,70.99
ORD-000000067,20230708,36,120,2,11,3,119.02,0.0,30.65
ORD-000000068,20240310,75,97,1,3,2,512.0,51.2,80.86
ORD-000000069,20241114,85,134,1,1,4,233.96,0.0,46.64
ORD-000000070,20250502,99,80,1,3,2,330.48,0.0,65.14
ORD-000000071,20231130,76,101,3,15,3,1515.79,151.58,350.74
ORD-000000072,20250819,23,26,3,15,1,405.6,0.0,118.89
ORD-000000073,20230104,73,44,1,6,3,1480.43,74.02,259.13
ORD-000000074,20240831,28,46,2,7,2,782.96,39.15,119.35
ORD-000000075,20230204,57,91,4,24,1,382.8,0.0,87.62
ORD-000000076,20231101,74,46,3,17,1,276.07,41.41,57.5
ORD-000000077,20251105,76,79,2,10,1,574.49,57.45,126.05
ORD-000000078,20240301,19,65,1,2,3,1245.2,0.0,287.97
ORD-000000079,20230614,56,40,2,8,1,634.57,31.73,74.04
ORD-000000080,20240316,79,64,1,6,3,2221.48,111.07,628.79
ORD-000000081,20250806,6,65,2,10,1,539.23,53.92,137.93
ORD-000000082,20250919,55,111,2,11,2,66.56,0.0,8.6
ORD-000000083,20240403,38,134,1,3,1,54.61,0.0,14.94
ORD-000000084,20251012,80,93,4,19,1,417.77,62.67,89.15
ORD-000000085,20240218,16,129,1,5,2,602.67,0.0,171.51
ORD-000000086,20230117,49,64,1,6,2,1158.37,0.0,295.65
ORD-000000087,20230810,85,7,2,7,2,407.32,40.73,42.55
ORD-000000088,20230107,25,142,2,12,2,934.45,93.45,204.32
ORD-000000089,20231121,79,18,2,10,3,1284.38,128.44,190.05
ORD-000000090,20241011,37,142,1,6,3,1615.16,0.0,269.26
ORD-000000091,20230930,77,44,2,12,2,1066.14,0.0,117.99
ORD-000000092,20231122,12,54,2,10,3,941.18,0.0,191.71
ORD-000000093,20240413,96,128,4,21,3,1084.22,0.0,145.52
ORD-000000094,20241102,23,78,1,5,1,407.36,0.0,53.19
ORD-000000095,20241219,4,59,2,7,3,1596.56,79.83,399.9
ORD-000000096,20241130,8,110,2,7,1,346.06,0.0,36.2
ORD-000000097,20241228,67,68,2,10,2,84.45,4.22,24.71
ORD-000000098,20240426,37,60,2,8,2,982.19,49.11,99.51
ORD-000000099,20230909,37,139,1,6,2,583.35,0.0,96.81
ORD-000000100,20231226,41,147,2,11,3,1894.01,0.0,534.2
ORD-000000101,20240807,34,11,2,8,1,449.46,44.95,59.72
ORD-000000102,20231025,25,147,3,15,4,2469.31,123.47,355.85
ORD-000000103,20231123,99,73,1,2,1,151.61,0.0,41.38
ORD-000000104,20240213,89,25,1,4,3,49.51,2.48,4.49
ORD-000000105,20230924,10,141,1,4,1,407.39,0.0,112.69
ORD-000000106,20240228,31,120,1,1,2,83.6,0.0,12.99
ORD-000000107,20250701,87,31,1,4,1,237.5,0.0,46.51
ORD-000000108,20230626,76,135,1,3,2,129.68,12.97,11.83
ORD-000000109,20230526,29,14,2,12,2,81.54,0.0,23.6
ORD-000000110,20250213,46,41,3,17,1,102.9,0.0,24.51
ORD-000000111,20250612,93,59,2,9,1,593.41,0.0,58.68
ORD-000000112,20240113,54,142,2,10,2,925.81,0.0,218.07
ORD-000000113,20240718,76,86,2,8,1,198.17,9.91,39.77
ORD-000000114,20250808,77,108,1,5,2,525.22,0.0,90.23
ORD-000000115,20241226,82,73,3,14,1,166.5,0.0,50.11
ORD-000000116,20231006,37,57,2,7,3,606.24,0.0,73.31
ORD-000000117,20231011,8,22,2,10,1,395.78,0.0,40.73
ORD-000000118,20240529,61,19,2,8,2,1314.52,131.45,365.11
ORD-000000119,20250808,35,82,2,7,3,256.11,12.81,40.68
ORD-000000120,20230112,39,108,1,1,1,287.03,0.0,66.98
ORD-000000121,20250525,13,13,3,14,1,624.86,93.73,100.48
ORD-000000122,20250911,62,123,1,2,2,691.35,0.0,144.81
ORD-000000123,20250628,31,139,3,16,1,319.13,31.91,35.75
ORD-000000124,20241012,36,43,1,5,1,314.43,15.72,37.08
ORD-000000125,20241105,63,73,1,5,3,592.37,0.0,105.06
ORD-000000126,20230316,44,137,2,11,1,622.11,31.11,55.69
ORD-000000127,20240222,43,42,3,17,1,391.0,19.55,53.32
ORD-000000128,20241218,94,70,2,10,1,235.68,23.57,24.02
ORD-000000129,20241028,3,70,2,11,1,221.03,0.0,33.66
ORD-000000130,20230721,42,138,1,5,5,1144.07,0.0,312.14
ORD-000000131,20240706,99,14,2,9,3,161.22,0.0,41.24
ORD-000000132,20230709,38,138,1,2,3,653.86,0.0,57.04
ORD-000000133,20230515,94,49,1,3,1,499.3,0.0,153.35
ORD-000000134,20240127,52,137,4,21,2,1196.61,59.83,185.2
ORD-000000135,20230326,67,125,1,1,1,11.78,0.0,2.92
ORD-000000136,20241004,40,133,3,16,1,384.86,0.0,62.13
ORD-000000137,20241105,51,79,2,7,1,546.6,0.0,109.74
ORD-000000138,20240829,62,60,1,3,4,2626.19,262.62,520.23
ORD-000000139,20251010,40,6,1,3,1,112.79,0.0,30.13
ORD-000000140,20230904,71,62,2,9,1,297.98,14.9,86.26
ORD-000000141,20240917,24,57,2,10,4,930.7,46.54,157.75
ORD-000000142,20240123,23,139,1,4,2,613.13,91.97,58.15
ORD-000000143,20240328,24,14,1,4,1,60.2,0.0,17.2
ORD-000000144,20240310,78,92,4,20,1,569.98,0.0,117.35
ORD-000000145,20240109,4,31,3,17,3,635.27,63.53,178.69
ORD-000000146,20231110,88,121,4,22,2,1075.89,0.0,262.98
ORD-000000147,20251213,54,4,2,10,1,266.33,0.0,28.42
ORD-000000148,20250725,91,56,2,8,1,673.34,67.33,96.77
ORD-000000149,20240806,5,121,3,16,1,637.39,31.87,109.13
ORD-000000150,20240706,56,42,2,7,2,801.36,80.14,166.47
ORD-000000151,20240119,69,109,1,5,1,89.23,8.92,13.32
ORD-000000152,20230820,66,3,2,10,1,565.42,28.27,170.16
ORD-000000153,20250807,34,59,2,8,1,603.22,0.0,69.19
ORD-000000154,20230401,26,5,1,6,4,494.5,0.0,55.29
ORD-000000155,20230517,7,79,2,11,4,2063.14,0.0,545.04
ORD-000000156,20250413,27,3,4,20,1,709.4,0.0,152.43
ORD-000000157,20250902,70,149,2,8,4,866.16,0.0,103.98
ORD-000000158,20251125,57,58,2,8,2,1173.63,0.0,368.67
ORD-000000159,20240224,83,3,2,9,3,2095.72,0.0,653.17
ORD-000000160,20251031,2,11,1,4,1,470.6,0.0,102.44
ORD-000000161,20251014,89,21,1,5,2,640.16,32.01,61.29
ORD-000000162,20240814,73,73,2,11,2,329.18,0.0,38.72
ORD-000000163,20230629,44,78,2,10,2,801.65,0.0,224.41
ORD-000000164,20250524,55,130,1,4,2,202.23,0.0,32.57
ORD-000000165,20240521,69,66,2,11,1,614.19,30.71,99.17
ORD-000000166,20250927,91,146,1,4,3,1465.32,73.27,292.85
ORD-000000167,20230407,53,18,1,5,3,1235.02,0.0,193.48
ORD-000000168,20230511,84,125,2,11,2,22.59,0.0,5.38
ORD-000000169,20230516,26,135,2,10,2,116.02,0.0,25.33
ORD-000000170,20250721,53,104,1,3,3,2010.98,0.0,451.84
ORD-000000171,20230327,36,36,2,12,4,933.64,0.0,143.03
ORD-000000172,20240130,95,125,2,10,1,13.55,0.0,3.18
ORD-000000173,20250807,65,85,3,15,2,689.49,0.0,70.22
ORD-000000174,20231215,8,147,3,17,1,515.26,25.76,104.87
ORD-000000175,20230311,75,59,1,6,2,841.01,0.0,114.26
ORD-000000176,20231228,26,48,1,1,3,1528.63,152.86,396.49
ORD-000000177,20251203,13,46,1,4,3,925.61,46.28,221.91
ORD-000000178,20250925,80,149,2,11,1,221.35,0.0,23.61
ORD-000000179,20230725,68,141,1,1,1,493.94,24.7,130.63
ORD-000000180,20240807,98,74,1,2,1,580.99,29.05,70.56
ORD-000000181,20241129,34,96,1,4,2,1206.38,0.0,373.53
ORD-000000182,20230312,55,77,2,7,1,629.94,0.0,147.28
ORD-000000183,20230923,74,93,3,13,3,1645.15,0.0,408.24
ORD-000000184,20250507,58,131,1,1,3,1802.36,0.0,366.85
ORD-000000185,20241121,26,131,1,1,1,542.26,0.0,114.43
ORD-000000186,20250628,19,34,3,14,3,1918.94,95.95,519.9
ORD-000000187,20231102,44,57,3,13,1,238.57,11.93,23.91
ORD-000000188,20240411,71,6,3,13,2,215.49,0.0,43.58
ORD-000000189,20250327,69,79,3,16,1,657.94,0.0,93.18
ORD-000000190,20250706,46,150,1,5,2,367.5,0.0,102.78
ORD-000000191,20240218,99,68,1,4,2,65.05,0.0,20.78
ORD-000000192,20250403,99,44,3,18,2,1030.66,0.0,229.96
ORD-000000193,20230321,90,132,2,9,2,212.54,0.0,55.16
ORD-000000194,20231226,49,133,2,12,3,1252.09,125.21,118.25
ORD-000000195,20230501,30,42,4,20,2,783.14,0.0,196.98
ORD-000000196,20240920,87,105,1,2,1,700.76,0.0,181.74
ORD-000000197,20240625,7,35,3,16,3,1330.5,133.05,98.55
ORD-000000198,20230729,58,123,3,18,2,905.55,45.28,104.21
ORD-000000199,20230306,87,122,3,15,4,2376.95,0.0,209.36
ORD-000000200,20231116,69,98,2,10,4,1248.1,62.41,370.03
ORD-000000201,20230911,57,22,3,14,4,2020.48,0.0,451.87
ORD-000000202,20240905,19,107,4,24,1,355.11,17.76,107.01
ORD-000000203,20230909,56,108,2,10,3,1094.96,0.0,206.69
ORD-000000204,20240820,60,88,1,2,2,125.95,12.6,21.71
ORD-000000205,20240506,15,85,2,11,2,811.34,81.13,77.56
ORD-000000206,20250322,36,132,3,17,2,184.76,18.48,17.88
ORD-000000207,20230217,91,34,1,4,3,2161.62,108.08,636.35
ORD-000000208,20250208,83,50,1,1,2,246.7,0.0,56.54
ORD-000000209,20241217,59,107,1,2,1,333.64,33.36,44.37
ORD-000000210,20250303,83,27,2,9,2,879.61,0.0,209.51
ORD-000000211,20231216,16,39,1,1,1,351.48,0.0,40.12
ORD-000000212,20240620,5,72,3,14,1,79.06,0.0,13.93
ORD-000000213,20250410,23,55,3,18,3,516.68,51.67,56.21
ORD-000000214,20230826,88,56,2,11,4,1785.97,0.0,373.61
ORD-000000215,20240915,81,8,1,6,2,1209.21,120.92,163.33
ORD-000000216,20251216,67,119,4,23,1,672.87,100.93,175.42
ORD-000000217,20240202,88,124,2,9,2,624.18,0.0,53.14
ORD-000000218,20240307,13,39,2,10,2,757.37,37.87,210.1
ORD-000000219,20241222,45,117,3,16,3,746.37,0.0,150.25
ORD-000000220,20240318,16,141,1,2,2,810.43,0.0,112.51
ORD-000000221,20250623,83,103,3,17,3,924.46,46.22,94.28
ORD-000000222,20230123,56,79,1,5,2,1095.77,109.58,241.58
ORD-000000223,20230325,41,73,4,19,1,205.41,0.0,60.52
ORD-000000224,20240413,85,116,1,4,2,613.54,0.0,157.06
ORD-000000225,20250414,79,58,1,1,1,563.87,28.19,70.3
ORD-000000226,20230609,61,45,3,14,2,787.15,78.72,215.9
ORD-000000227,20241121,57,119,1,5,2,1387.66,69.38,248.72
ORD-000000228,20230429,76,69,1,3,4,3133.33,0.0,275.91
ORD-000000229,20250608,97,30,1,5,3,371.48,0.0,44.09
ORD-000000230,20231211,12,35,1,4,3,1661.86,166.19,144.43
ORD-000000231,20230126,5,149,2,12,1,260.9,26.09,45.89
ORD-000000232,20230817,25,146,1,3,1,443.2,0.0,138.12
ORD-000000233,20240223,34,50,1,4,1,126.84,12.68,24.71
ORD-000000234,20230126,59,58,2,9,1,539.78,0.0,90.12
ORD-000000235,20250505,2,93,1,6,1,443.91,0.0,122.8
ORD-000000236,20230408,26,78,2,7,2,892.28,0.0,175.11
ORD-000000237,20240320,82,107,1,2,1,402.66,0.0,63.25
ORD-000000238,20231208,34,16,4,21,3,836.22,125.43,68.46
ORD-000000239,20241006,89,64,2,11,1,541.65,81.25,42.38
ORD-000000240,20240821,51,88,1,6,1,59.65,0.0,10.34
ORD-000000241,20240217,96,49,1,4,1,480.62,72.09,72.01
ORD-000000242,20240204,37,50,2,8,2,218.83,0.0,50.91
ORD-000000243,20250308,98,27,1,5,1,404.4,0.0,112.11
ORD-000000244,20240217,76,87,1,5,2,1263.56,63.18,171.38
ORD-000000245,20230207,32,33,1,6,1,588.51,0.0,68.89
ORD-000000246,20250405,48,139,3,17,1,310.3,0.0,89.39
ORD-000000247,20250327,82,101,3,18,1,628.23,0.0,198.58
ORD-000000248,20250910,89,126,1,6,1,240.18,36.03,30.69
ORD-000000249,20231026,74,60,1,1,1,444.88,0.0,92.73
ORD-000000250,20240507,72,126,4,21,2,394.94,0.0,42.89
ORD-000000251,20250330,10,8,2,7,5,3104.07,0.0,504.37
ORD-000000252,20240519,41,90,2,9,5,1922.06,288.31,446.79
ORD-000000253,20230415,83,37,2,8,3,2070.05,0.0,578.19
ORD-000000254,20231215,84,50,4,23,1,122.17,0.0,25.9
ORD-000000255,20241029,54,142,3,14,2,814.25,40.71,70.75
ORD-000000256,20230601,67,41,3,13,1,139.61,0.0,30.76
ORD-000000257,20250613,40,45,1,4,1,288.0,14.4,24.58
ORD-000000258,20240821,36,127,1,5,2,323.05,0.0,42.19
ORD-000000259,20250403,93,27,1,5,1,345.22,17.26,46.18
ORD-000000260,20231104,1,2,3,14,5,2615.4,0.0,827.67
ORD-000000261,20231021,84,148,2,8,5,176.88,17.69,26.64
ORD-000000262,20251119,82,6,3,18,1,112.95,0.0,31.6
ORD-000000263,20241222,60,14,3,14,1,52.55,0.0,14.39
ORD-000000264,20230730,67,9,1,3,3,1522.34,76.12,191.33
ORD-000000265,20231118,56,4,1,4,3,927.84,0.0,118.78
ORD-000000266,20230318,86,105,1,6,3,1901.66,0.0,534.6
ORD-000000267,20230331,11,15,4,20,1,141.6,21.24,17.43
ORD-000000268,20240214,40,55,1,2,4,861.41,0.0,159.0
ORD-000000269,20251217,77,111,1,2,1,32.85,1.64,8.67
ORD-000000270,20231207,48,110,2,8,2,578.11,0.0,146.17
ORD-000000271,20250719,84,148,2,8,2,54.42,2.72,11.1
ORD-000000272,20240129,91,141,1,3,1,520.33,0.0,150.8
ORD-000000273,20240712,94,129,1,1,3,874.28,0.0,120.15
ORD-000000274,20230515,75,63,3,18,2,844.98,126.75,93.56
ORD-000000275,20250307,28,93,3,13,4,1846.67,277.0,499.2
ORD-000000276,20251102,52,5,3,17,1,157.35,0.0,38.97
ORD-000000277,20241203,100,89,1,5,3,468.56,46.86,89.21
ORD-000000278,20241224,24,30,4,24,1,148.74,7.44,19.88
ORD-000000279,20250302,15,134,3,14,1,43.34,4.33,3.72
ORD-000000280,20250816,92,89,3,14,1,166.5,0.0,14.97
ORD-000000281,20250426,87,140,4,22,2,1187.17,59.36,97.83
ORD-000000282,20251026,67,71,1,2,2,592.41,59.24,97.7
ORD-000000283,20240111,28,95,1,1,1,652.77,0.0,152.39
ORD-000000284,20250322,17,17,3,16,1,664.33,0.0,151.05
ORD-000000285,20231123,52,20,1,1,2,95.65,0.0,20.88
ORD-000000286,20250915,61,107,1,6,5,1905.18,95.26,407.18
ORD-000000287,20231012,33,42,2,8,4,1674.52,0.0,409.63
ORD-000000288,20230602,4,79,4,22,2,922.54,92.25,227.99
ORD-000000289,20240321,12,107,3,14,3,1315.03,0.0,210.93
ORD-000000290,20230613,37,84,3,18,5,1217.39,0.0,123.9
ORD-000000291,20250628,8,41,3,18,4,468.8,0.0,54.42
ORD-000000292,20240204,58,24,4,23,1,25.42,3.81,6.89
ORD-000000293,20230411,68,61,2,9,1,253.49,0.0,65.3
ORD-000000294,20250301,26,79,2,12,1,606.7,0.0,186.3
ORD-000000295,20231221,6,112,1,3,1,195.56,9.78,29.9
ORD-000000296,20241113,63,52,1,5,4,1193.18,119.32,260.27
ORD-000000297,20241025,40,150,3,15,2,401.62,0.0,35.91
ORD-000000298,20230902,89,91,3,18,4,1967.15,0.0,376.1
ORD-000000299,20250905,93,24,4,20,1,22.7,3.4,5.49
ORD-000000300,20250312,86,82,2,9,2,131.13,0.0,14.97
ORD-000000301,20251125,56,15,1,6,4,541.08,0.0,130.24
ORD-000000302,20240722,91,137,1,3,1,507.96,0.0,46.33
ORD-000000303,20250810,38,74,1,1,3,1418.75,141.88,194.47
ORD-000000304,20230310,72,147,1,4,5,4014.72,0.0,1274.93
ORD-000000305,20240519,7,139,1,6,3,1001.85,0.0,248.62
ORD-000000306,20240925,26,113,3,16,2,64.87,0.0,5.77
ORD-000000307,20230414,63,12,2,12,1,427.71,0.0,122.88
ORD-000000308,20240409,55,84,1,6,1,237.08,0.0,42.62
ORD-000000309,20230704,21,9,2,11,2,1040.95,0.0,273.47
ORD-000000310,20230816,12,62,1,4,2,584.93,29.25,94.19
ORD-000000311,20230930,58,100,2,10,1,317.45,15.87,55.03
ORD-000000312,20230219,60,9,2,10,1,517.33,0.0,161.17
ORD-000000313,20240411,25,113,2,10,2,95.72,0.0,24.7
ORD-000000314,20251105,54,46,4,19,5,1597.04,0.0,167.16
ORD-000000315,20230418,10,75,1,4,3,680.71,68.07,106.99
ORD-000000316,20240530,61,50,1,5,1,117.78,0.0,21.56
ORD-000000317,20250403,71,127,2,12,1,138.69,0.0,21.63
ORD-000000318,20250410,9,62,1,2,1,261.24,13.06,34.89
ORD-000000319,20241223,60,123,2,7,5,1685.53,0.0,425.34
ORD-000000320,20230905,3,22,1,3,1,568.81,0.0,54.29
ORD-000000321,20251011,68,81,3,17,1,474.8,23.74,80.46
ORD-000000322,20230916,14,19,1,1,1,642.45,0.0,63.62
ORD-000000323,20240220,53,98,2,11,2,605.36,30.27,82.73
ORD-000000324,20231117,1,119,2,12,2,982.68,0.0,264.43
ORD-000000325,20241123,59,126,1,3,1,299.96,15.0,34.31
ORD-000000326,20230516,87,89,1,2,1,144.93,7.25,11.97
ORD-000000327,20250203,90,47,1,3,1,631.66,0.0,112.44
ORD-000000328,20231125,100,121,1,2,1,730.11,0.0,155.5
ORD-000000329,20250518,68,144,2,10,1,694.5,0.0,162.46
ORD-000000330,20250409,35,41,3,13,2,238.69,11.93,63.86
ORD-000000331,20230915,33,17,3,14,3,1370.29,0.0,341.61
ORD-000000332,20230803,40,92,2,7,3,1355.19,67.76,406.43
ORD-000000333,20230408,65,45,1,1,1,332.43,16.62,93.21
ORD-000000334,20240530,65,125,3,14,1,10.5,1.57,0.8
ORD-000000335,20231006,97,68,1,3,4,173.59,0.0,44.31
ORD-000000336,20250110,20,124,1,1,4,1437.16,0.0,353.11
ORD-000000337,20251026,13,88,2,12,1,60.74,0.0,5.69
ORD-000000338,20250412,47,53,4,22,3,1053.37,0.0,214.32
ORD-000000339,20250705,41,62,1,1,2,574.09,28.7,135.16
ORD-000000340,20230608,65,146,1,2,1,635.62,31.78,67.23
ORD-000000341,20240227,36,81,3,16,2,919.27,45.96,71.09
ORD-000000342,20241123,49,70,1,2,2,480.15,0.0,65.75
ORD-000000343,20250925,3,93,1,6,1,479.17,23.96,85.52
ORD-000000344,20240916,18,150,2,10,4,946.38,47.32,100.96
ORD-000000345,20240619,13,93,1,5,3,1432.78,143.28,354.76
ORD-000000346,20240912,57,3,1,6,5,3397.28,0.0,281.01
ORD-000000347,20240218,32,145,3,13,2,264.3,0.0,67.54
ORD-000000348,20230916,85,82,4,19,3,205.86,0.0,50.38
ORD-000000349,20230314,29,79,2,8,4,2261.74,0.0,723.66
ORD-000000350,20250528,22,52,1,3,2,596.14,0.0,53.67
ORD-000000351,20230318,85,43,1,5,2,616.63,30.83,101.04
ORD-000000352,20250110,94,17,3,13,5,3352.85,167.64,602.74
ORD-000000353,20230518,92,14,1,3,1,55.82,0.0,6.43
ORD-000000354,20241013,88,147,1,1,3,2123.67,212.37,298.94
ORD-000000355,20231208,9,102,1,2,2,523.72,26.19,73.58
ORD-000000356,20230129,29,14,3,13,1,46.86,0.0,8.68
ORD-000000357,20250627,33,40,1,4,1,716.86,35.84,143.27
ORD-000000358,20231204,74,47,4,21,2,1444.09,0.0,457.01
ORD-000000359,20230507,69,87,1,1,1,614.75,0.0,156.58
ORD-000000360,20241217,31,111,2,8,2,62.18,6.22,16.45
ORD-000000361,20251105,40,75,4,23,3,898.81,0.0,234.07
ORD-000000362,20231022,96,75,1,6,1,325.3,0.0,103.88
ORD-000000363,20230506,56,89,4,19,1,137.78,0.0,20.32
ORD-000000364,20250519,32,104,4,24,4,2174.1,108.7,397.6
ORD-000000365,20240611,28,3,1,4,2,1236.67,61.83,141.6
ORD-000000366,20240727,17,132,2,12,1,81.61,0.0,22.14
ORD-000000367,20230404,30,103,2,10,1,307.91,15.4,86.65
ORD-000000368,20250224,83,28,1,1,5,3661.21,0.0,338.07
ORD-000000369,20230825,60,72,1,2,2,188.18,18.82,14.42
ORD-000000370,20230502,38,57,4,19,2,490.92,49.09,81.25
ORD-000000371,20230520,12,11,2,7,1,342.09,0.0,95.76
ORD-000000372,20250905,31,41,1,2,2,197.02,0.0,54.72
ORD-000000373,20240213,17,38,1,3,2,186.94,28.04,50.34
ORD-000000374,20250214,47,98,2,7,5,1522.11,0.0,148.43
ORD-000000375,20240508,21,65,2,7,5,2233.49,223.35,531.26
ORD-000000376,20240729,80,102,2,11,1,218.94,10.95,42.86
ORD-000000377,20241031,9,16,2,7,3,873.6,43.68,231.25
ORD-000000378,20230923,82,57,2,7,4,649.83,32.49,81.07
ORD-000000379,20251230,15,131,2,9,4,1729.09,86.45,436.3
ORD-000000380,20240127,56,115,1,3,2,353.47,35.35,25.73
ORD-000000381,20241120,85,79,2,10,1,615.17,0.0,87.55
ORD-000000382,20230927,36,86,2,9,1,232.03,0.0,23.2
ORD-000000383,20250131,89,75,2,7,1,355.47,0.0,43.42
ORD-000000384,20231116,10,68,1,3,2,80.51,0.0,17.35
ORD-000000385,20250921,58,145,2,9,2,221.1,0.0,63.96
ORD-000000386,20251103,60,30,4,22,2,341.44,17.07,66.25
ORD-000000387,20240121,37,34,2,9,2,1069.51,106.95,214.32
ORD-000000388,20251124,73,143,1,1,5,171.97,0.0,28.53
ORD-000000389,20250326,84,94,3,18,2,1193.79,0.0,268.3
ORD-000000390,20230824,53,70,1,1,2,562.91,28.15,128.82
ORD-000000391,20250912,76,111,1,5,2,63.68,0.0,11.03
ORD-000000392,20230914,100,19,3,13,3,2027.89,101.39,439.19
ORD-000000393,20230415,19,65,1,6,2,920.13,46.01,105.23
ORD-000000394,20230117,38,58,2,10,1,496.51,0.0,82.23
ORD-000000395,20230816,10,138,1,3,1,262.97,0.0,56.75
ORD-000000396,20240914,84,8,3,18,1,553.13,0.0,121.6
ORD-000000397,20230826,17,149,4,21,1,307.07,30.71,70.89
ORD-000000398,20241221,28,72,3,16,4,386.92,0.0,93.41
ORD-000000399,20230501,43,114,1,5,2,589.45,58.95,86.07
ORD-000000400,20240225,100,15,3,13,1,142.35,0.0,16.75
ORD-000000401,20241025,76,81,3,13,1,544.7,27.24,146.94
ORD-000000402,20240201,61,15,2,7,1,143.1,0.0,24.83
ORD-000000403,20240427,15,33,1,3,1,663.13,0.0,77.5
ORD-000000404,20250629,34,99,2,12,2,39.07,0.0,7.55
ORD-000000405,20241110,26,125,1,6,1,11.14,0.56,3.05
ORD-000000406,20231207,29,90,4,22,2,588.48,58.85,55.91
ORD-000000407,20250523,77,31,2,12,1,276.47,0.0,33.69
ORD-000000408,20241224,79,99,1,1,3,73.16,0.0,23.32
ORD-000000409,20230916,35,79,1,4,2,872.58,43.63,219.54
ORD-000000410,20241214,67,73,2,12,5,816.53,81.65,119.15
ORD-000000411,20251017,11,10,1,5,3,484.49,24.22,141.22
ORD-000000412,20241029,45,119,2,12,4,1932.17,0.0,292.48
ORD-000000413,20240510,12,136,2,8,2,536.12,0.0,84.04
ORD-000000414,20230925,26,26,1,4,2,817.5,0.0,155.01
ORD-000000415,20251119,65,149,2,10,1,211.41,10.57,33.84
ORD-000000416,20230418,58,145,3,14,1,115.29,0.0,24.33
ORD-000000417,20230108,2,127,4,22,5,755.38,75.54,213.56
ORD-000000418,20241123,44,59,3,18,3,1499.51,0.0,478.49
ORD-000000419,20251003,69,138,1,3,1,179.12,0.0,53.93
ORD-000000420,20240428,30,11,2,10,2,876.17,0.0,215.23
ORD-000000421,20250425,3,139,1,2,2,770.74,0.0,135.02
ORD-000000422,20240211,34,77,3,14,5,2261.61,226.16,266.84
ORD-000000423,20250426,91,66,1,1,2,1311.5,0.0,276.16
ORD-000000424,20250814,18,38,1,5,1,78.94,0.0,21.67
ORD-000000425,20230201,49,38,1,2,2,175.79,0.0,36.97
ORD-000000426,20251214,80,70,1,2,3,692.35,69.23,99.37
ORD-000000427,20251119,93,70,2,10,4,1074.95,107.5,207.07
ORD-000000428,20241221,36,141,1,6,2,699.98,35.0,156.81
ORD-000000429,20230702,2,120,1,1,1,38.5,0.0,8.91
ORD-000000430,20240821,68,58,3,16,3,1752.45,0.0,298.76
ORD-000000431,20250315,85,112,3,14,2,440.52,0.0,94.5
ORD-000000432,20251117,22,133,1,1,1,378.25,0.0,45.14
ORD-000000433,20240822,43,38,2,12,1,88.74,0.0,12.87
ORD-000000434,20250409,58,115,2,7,1,211.02,0.0,20.47
ORD-000000435,20250802,42,89,3,15,3,426.51,21.33,68.68
ORD-000000436,20250606,93,141,1,3,5,2077.76,103.89,471.66
ORD-000000437,20250106,95,19,2,9,3,1547.01,154.7,304.61
ORD-000000438,20240506,11,11,1,4,3,1277.37,0.0,396.84
ORD-000000439,20231006,92,19,1,1,5,3196.97,159.85,663.07
ORD-000000440,20250728,96,28,3,18,4,2427.5,0.0,429.14
ORD-000000441,20240706,74,115,1,4,1,149.13,7.46,36.24
ORD-000000442,20250324,85,20,1,1,1,48.14,2.41,7.04
ORD-000000443,20230426,23,145,4,23,1,133.92,13.39,19.7
ORD-000000444,20230824,8,40,1,5,2,1123.13,0.0,327.84
ORD-000000445,20230627,78,74,1,4,3,1424.91,0.0,196.42
ORD-000000446,20230814,15,85,1,2,4,1595.65,79.78,312.32
ORD-000000447,20230712,40,137,4,19,2,907.4,45.37,237.22
ORD-000000448,20241003,19,128,3,18,5,1685.61,0.0,532.49
ORD-000000449,20240130,7,45,2,8,2,736.54,0.0,131.11
ORD-000000450,20250303,80,96,1,6,1,503.45,0.0,96.17
ORD-000000451,20230224,91,40,3,14,5,3289.82,0.0,473.05
ORD-000000452,20230625,21,89,1,2,1,164.75,0.0,20.47
ORD-000000453,20230917,65,74,2,7,3,1622.15,0.0,411.91
ORD-000000454,20250430,34,109,3,16,2,206.08,10.3,39.39
ORD-000000455,20230307,21,57,4,21,1,204.24,0.0,29.49
ORD-000000456,20230917,86,37,1,6,2,1013.97,0.0,164.93
ORD-000000457,20230327,53,45,1,6,2,744.16,0.0,76.36
ORD-000000458,20250725,17,119,1,1,3,1982.36,0.0,443.43
ORD-000000459,20230331,89,35,1,1,3,1754.64,175.46,454.5
ORD-000000460,20230422,9,39,3,15,5,1570.37,78.52,199.25
ORD-000000461,20250209,92,135,2,11,3,173.29,0.0,26.78
ORD-000000462,20240311,68,98,3,15,2,584.65,29.23,123.82
ORD-000000463,20240217,79,16,1,6,3,733.67,73.37,58.89
ORD-000000464,20230120,88,109,4,24,2,221.28,0.0,51.47
ORD-000000465,20250922,32,27,3,15,4,1760.75,88.04,186.93
ORD-000000466,20250120,75,20,3,15,1,47.46,4.75,8.28
ORD-000000467,20240115,35,56,2,9,2,1166.88,58.34,288.04
ORD-000000468,20250202,14,136,2,9,1,295.08,0.0,32.51
ORD-000000469,20250217,17,6,1,4,3,273.56,13.68,61.75
ORD-000000470,20240425,89,40,1,5,2,1242.06,62.1,273.52
ORD-000000471,20251117,58,113,1,4,2,79.9,0.0,18.26
ORD-000000472,20230114,86,76,1,1,2,735.59,0.0,161.61
ORD-000000473,20230317,78,63,1,2,4,2210.94,0.0,691.75
ORD-000000474,20230509,10,29,3,18,4,768.62,0.0,137.8
ORD-000000475,20251019,51,81,3,17,3,1645.37,164.54,273.54
ORD-000000476,20241020,32,85,1,6,2,591.07,0.0,179.68
ORD-000000477,20251106,87,71,1,1,1,284.77,0.0,90.79
ORD-000000478,20240409,1,125,2,10,1,11.24,0.0,2.19
ORD-000000479,20250928,93,121,1,2,3,2209.54,331.43,366.86
ORD-000000480,20240925,35,29,3,15,4,732.41,73.24,174.75
ORD-000000481,20251201,97,111,1,6,2,64.65,6.47,15.4
ORD-000000482,20231005,66,57,1,5,2,385.52,0.0,103.66
ORD-000000483,20240820,1,95,1,1,4,2075.38,0.0,234.96
ORD-000000484,20230502,88,135,2,9,1,64.85,3.24,8.39
ORD-000000485,20230518,93,133,2,9,3,1630.0,0.0,304.78
ORD-000000486,20251130,99,131,1,4,1,633.95,0.0,66.45
ORD-000000487,20241112,30,27,2,12,1,337.39,0.0,41.36
ORD-000000488,20250127,69,16,3,17,2,488.37,0.0,80.5
ORD-000000489,20231128,51,6,2,10,3,328.6,16.43,59.3
ORD-000000490,20250104,10,137,2,12,2,1285.02,0.0,320.95
ORD-000000491,20230409,31,67,3,15,1,559.11,0.0,116.12
ORD-000000492,20251013,17,96,2,7,2,1199.57,59.98,251.43
ORD-000000493,20240705,52,69,2,9,2,1303.49,0.0,370.74
ORD-000000494,20231105,10,104,2,11,1,545.33,0.0,137.55
ORD-000000495,20250809,87,50,3,16,1,120.69,18.1,10.3
ORD-000000496,20250405,70,139,2,9,1,271.04,0.0,67.0
ORD-000000497,20230629,89,77,3,14,1,627.51,31.38,99.78
ORD-000000498,20240822,22,128,1,2,3,1001.51,50.08,126.72
ORD-000000499,20250905,61,32,1,5,5,2473.61,247.36,690.43
ORD-000000500,20240424,90,17,4,19,1,626.34,62.63,92.59
